Workbook

Sheet Venituri
B1: 2017 | C1: 2018 | D1: 2019 | E1: 2020 | F1: 2021 | G1: 2022 | H1: 2023 | I1: 2024 | J1: 2025
A2: Total venituri | B2: 53377.6 | C2: 57995.9 | D2: 62949.2 | E2: 62650 | F2: 77373 | G2: 91505.4 | H2: 102299.2 | I2: 110338.5 | J2: 125602
A3: Impozite venit fizic | B3: 3648.9 | C3: 3982 | D3: 3970 | E3: 4165.6 | F3: 5133.8 | G3: 5997.3 | H3: 7232.8 | I3: 8669.8 | J3: 9956.6
A4: Impozite venit juridic | B4: 4073.9 | C4: 5356.7 | D4: 5365.3 | E4: 5123 | F4: 6009.3 | G4: 8728.6 | H4: 9421.7 | I4: 9064.9 | J4: 9673.8
A5: TVA | B5: 16870.1 | C5: 18615.6 | D5: 20183.3 | E5: 19770.1 | F5: 25508.8 | G5: 29056.7 | H5: 30209.3 | I5: 33410.1 | J5: 37410.7
A6: Accize | B6: 5950 | C6: 5683.3 | D6: 6221.9 | E6: 6468.8 | F6: 7608.3 | G6: 8012.5 | H6: 10138.1 | I6: 11447.6 | J6: 12588.3
A7: Contribuții salariale | B7: 15512.4 | C7: 17155.5 | D7: 18403.9 | E7: 19234.9 | F7: 21839 | G7: 24923.2 | H7: 29022.4 | I7: 33564.2 | J7: 37936.3
A8: Granturi | B8: 1008.8 | C8: 387.4 | D8: 1602.6 | E8: 649.6 | F8: 2447.4 | G8: 4539.4 | H8: 5347 | I8: 2592.3 | J8: 4669.3
A9: Altele | B9: =B2-SUM(B3:B8) -> 6313.5 | C9: =C2-SUM(C3:C8) -> 6815.4 | D9: =D2-SUM(D3:D8) -> 7202.2 | E9: =E2-SUM(E3:E8) -> 7238 | F9: =F2-SUM(F3:F8) -> 8826.4 | G9: =G2-SUM(G3:G8) -> 10247.7 | H9: =H2-SUM(H3:H8) -> 10927.9 | I9: =I2-SUM(I3:I8) -> 11589.6 | J9: =J2-SUM(J3:J8) -> 13367
A10: PIB | B10: 176007.29 | C10: 189062.63 | D10: 206256.24 | E10: 199733.68 | F10: 242078.63 | G10: 274488.06 | H10: 303554.04 | I10: 323932.49 | J10: 353520.88

Sheet Cheltuieli
B1: 2019 | C1: 2020 | D1: 2021 | E1: 2022 | F1: 2023 | G1: 2024 | H1: 2025
A2: Cheltuieli total | B2: 65975.6 | C2: 73269.8 | D2: 82013.5 | E2: 100374.2 | F2: 117871.1 | G2: 122962.58 | H2: 139856.4
A3: Cheltuieli de personal | B3: 15649 | C3: 17214.4 | D3: 18775.6 | E3: 21399.7 | F3: 24403.5 | G3: 27723.4 | H3: 31372.5
A4: Bunuri și servicii | B4: 12079.8 | C4: 13019.1 | D4: 16682.6 | E4: 18601.8 | F4: 20294.9 | G4: 22285.3 | H4: 24887.5
A5: Dobânzi | B5: 1641.1 | C5: 1706.7 | D5: 1941.1 | E5: 2736.5 | F5: 5436.3 | G5: 4446.6 | H5: 4405
A6: Prestații sociale | B6: 22302.6 | C6: 25007.9 | D6: 28187 | E6: 37743.4 | F6: 43576.1 | G6: 44763.2 | H6: 51549.3
A7: Alte active nefinanciare | B7: =B10-B8 -> 5111 | C7: =C10-C8 -> 5386.2 | D7: =D10-D8 -> 6466.9 | E7: =E10-E8 -> 7083.3 | F7: =F10-F8 -> 7798 | G7: =G10-G8 -> 7737.5 | H7: =H10-H8 -> 8088.6
A8: Investiții capitale | B8: 1819.3 | C8: 2052.2 | D8: 2284.1 | E8: 3370.2 | F8: 4077.7 | G8: 3164.1 | H8: 4174.5
A9: Alte cheltuieli | B9: =B2-SUM(B3:B8) -> 7372.8 | C9: =C2-SUM(C3:C8) -> 8883.3 | D9: =D2-SUM(D3:D8) -> 7676.2 | E9: =E2-SUM(E3:E8) -> 9439.3 | F9: =F2-SUM(F3:F8) -> 12284.6 | G9: =G2-SUM(G3:G8) -> 12842.48 | H9: =H2-SUM(H3:H8) -> 15379
A10: Active nefinanciare | B10: 6930.3 | C10: 7438.4 | D10: 8751 | E10: 10453.5 | F10: 11875.7 | G10: 10901.6 | H10: 12263.1
A11: PIB | B11: 206256.24 | C11: 199733.68 | D11: 242078.63 | E11: 274488.06 | F11: 303554.04 | G11: 323932.49 | H11: 353520.88

Sheet Deficit BPN
B1: 2019 | C1: 2020 | D1: 2021 | E1: 2022 | F1: 2023 | G1: 2024 | H1: 2025
A2: Deficitul general | B2: =Venituri!D2-Cheltuieli!B2 -> -3026.4 | C2: =Venituri!E2-Cheltuieli!C2 -> -10619.8 | D2: =Venituri!F2-Cheltuieli!D2 -> -4640.5 | E2: =Venituri!G2-Cheltuieli!E2 -> -8868.8 | F2: =Venituri!H2-Cheltuieli!F2 -> -15571.9 | G2: =Venituri!I2-Cheltuieli!G2 -> -12624.08 | H2: =Venituri!J2-Cheltuieli!H2 -> -14254.4
A3: Deficitul primar | B3: =B2+Cheltuieli!B5 -> -1385.3 | C3: =C2+Cheltuieli!C5 -> -8913.1 | D3: =D2+Cheltuieli!D5 -> -2699.4 | E3: =E2+Cheltuieli!E5 -> -6132.3 | F3: =F2+Cheltuieli!F5 -> -10135.6 | G3: =G2+Cheltuieli!G5 -> -8177.48 | H3: =H2+Cheltuieli!H5 -> -9849.4
A4: PIB | B4: 206256.24 | C4: 199733.68 | D4: 242078.63 | E4: 274488.06 | F4: 303554.04 | G4: 323932.49 | H4: 353520.88
